-- 初始化数据
-- 这个文件包含了项目的初始数据

-- 插入分类数据
INSERT INTO categories (id, name, description, icon, color, sort_order) VALUES
('550e8400-e29b-41d4-a716-446655440001', '开发工具', '编程开发相关的工具和平台', '💻', '#0078d4', 1),
('550e8400-e29b-41d4-a716-446655440002', '设计工具', 'UI/UX设计和创意工具', '🎨', '#8764b8', 2),
('550e8400-e29b-41d4-a716-446655440003', '效率工具', '提升工作效率的工具', '⚡', '#107c10', 3),
('550e8400-e29b-41d4-a716-446655440004', 'AI工具', '人工智能相关工具', '🤖', '#ff8c00', 4),
('550e8400-e29b-41d4-a716-446655440005', '网络工具', '网络测试和诊断工具', '🌐', '#00bcf2', 5),
('550e8400-e29b-41d4-a716-446655440006', '媒体工具', '图片、视频等媒体处理工具', '📸', '#e74856', 6),
('550e8400-e29b-41d4-a716-446655440007', '实用工具', '日常实用的小工具', '🔧', '#00b7c3', 7)
ON CONFLICT (id) DO NOTHING;

-- 插入产品分类数据
INSERT INTO product_categories (id, name, description, icon, color, sort_order) VALUES
('650e8400-e29b-41d4-a716-446655440001', '应用程序', '完整的应用程序和软件', '📱', '#0078d4', 1),
('650e8400-e29b-41d4-a716-446655440002', '开发模板', '网站模板和代码框架', '🎨', '#8764b8', 2),
('650e8400-e29b-41d4-a716-446655440003', '在线课程', '编程和设计相关课程', '📚', '#107c10', 3),
('650e8400-e29b-41d4-a716-446655440004', '技术服务', '定制开发和技术咨询', '🔧', '#ff8c00', 4)
ON CONFLICT (id) DO NOTHING;

-- 插入标签数据
INSERT INTO tags (id, name, color) VALUES
('750e8400-e29b-41d4-a716-446655440001', '代码托管', '#0078d4'),
('750e8400-e29b-41d4-a716-446655440002', '版本控制', '#0078d4'),
('750e8400-e29b-41d4-a716-446655440003', '开源', '#107c10'),
('750e8400-e29b-41d4-a716-446655440004', '协作', '#8764b8'),
('750e8400-e29b-41d4-a716-446655440005', '代码编辑器', '#0078d4'),
('750e8400-e29b-41d4-a716-446655440006', 'IDE', '#0078d4'),
('750e8400-e29b-41d4-a716-446655440007', 'UI设计', '#8764b8'),
('750e8400-e29b-41d4-a716-446655440008', '原型设计', '#8764b8'),
('750e8400-e29b-41d4-a716-446655440009', '图像编辑', '#8764b8'),
('750e8400-e29b-41d4-a716-446655440010', 'AI助手', '#ff8c00'),
('750e8400-e29b-41d4-a716-446655440011', '对话', '#ff8c00'),
('750e8400-e29b-41d4-a716-446655440012', '写作', '#ff8c00'),
('750e8400-e29b-41d4-a716-446655440013', '编程', '#0078d4'),
('750e8400-e29b-41d4-a716-446655440014', 'AI绘画', '#ff8c00'),
('750e8400-e29b-41d4-a716-446655440015', '图像生成', '#ff8c00'),
('750e8400-e29b-41d4-a716-446655440016', '笔记工具', '#107c10'),
('750e8400-e29b-41d4-a716-446655440017', '数据库', '#107c10'),
('750e8400-e29b-41d4-a716-446655440018', '项目管理', '#107c10'),
('750e8400-e29b-41d4-a716-446655440019', '看板', '#107c10'),
('750e8400-e29b-41d4-a716-446655440020', '网络测试', '#00bcf2'),
('750e8400-e29b-41d4-a716-446655440021', '网速测试', '#00bcf2'),
('750e8400-e29b-41d4-a716-446655440022', '在线设计', '#8764b8'),
('750e8400-e29b-41d4-a716-446655440023', '模板', '#8764b8'),
('750e8400-e29b-41d4-a716-446655440024', '免费图片', '#e74856'),
('750e8400-e29b-41d4-a716-446655440025', '高质量素材', '#e74856')
ON CONFLICT (id) DO NOTHING;

-- 插入工具数据
INSERT INTO tools (id, name, description, url, icon, category_id, is_featured, click_count, sort_order) VALUES
('850e8400-e29b-41d4-a716-446655440001', 'GitHub', '全球最大的代码托管平台，支持Git版本控制和团队协作开发', 'https://github.com', '💻', '550e8400-e29b-41d4-a716-446655440001', true, 156, 1),
('850e8400-e29b-41d4-a716-446655440002', 'Visual Studio Code', '微软开发的免费代码编辑器，支持多种编程语言和丰富的扩展', 'https://code.visualstudio.com', '💻', '550e8400-e29b-41d4-a716-446655440001', true, 234, 2),
('850e8400-e29b-41d4-a716-446655440003', 'Figma', '协作式界面设计工具，支持实时协作和原型制作，设计师必备', 'https://figma.com', '🎨', '550e8400-e29b-41d4-a716-446655440002', true, 189, 3),
('850e8400-e29b-41d4-a716-446655440004', 'Adobe Photoshop', '专业的图像编辑和设计软件，创意设计的行业标准', 'https://www.adobe.com/products/photoshop.html', '🎨', '550e8400-e29b-41d4-a716-446655440002', false, 145, 4),
('850e8400-e29b-41d4-a716-446655440005', 'ChatGPT', 'OpenAI开发的AI对话助手，支持多种任务包括写作、编程和问答', 'https://chat.openai.com', '🤖', '550e8400-e29b-41d4-a716-446655440004', true, 312, 5),
('850e8400-e29b-41d4-a716-446655440006', 'Midjourney', 'AI图像生成工具，通过文本描述创建高质量的艺术作品', 'https://midjourney.com', '🤖', '550e8400-e29b-41d4-a716-446655440004', false, 98, 6),
('850e8400-e29b-41d4-a716-446655440007', 'Notion', '全能的笔记和协作工具，支持数据库、模板和团队协作', 'https://notion.so', '📝', '550e8400-e29b-41d4-a716-446655440003', true, 167, 7),
('850e8400-e29b-41d4-a716-446655440008', 'Trello', '基于看板的项目管理工具，简单直观的任务管理方式', 'https://trello.com', '📋', '550e8400-e29b-41d4-a716-446655440003', false, 87, 8),
('850e8400-e29b-41d4-a716-446655440009', 'Ping.pe', '网络连通性测试工具，支持全球多地点ping测试和网络诊断', 'https://ping.pe', '🌐', '550e8400-e29b-41d4-a716-446655440005', false, 43, 9),
('850e8400-e29b-41d4-a716-446655440010', 'Speedtest', '网络速度测试工具，准确测量上传下载速度和延迟', 'https://speedtest.net', '🌐', '550e8400-e29b-41d4-a716-446655440005', true, 76, 10),
('850e8400-e29b-41d4-a716-446655440011', 'Canva', '在线图形设计平台，提供丰富的模板和设计素材', 'https://canva.com', '🎨', '550e8400-e29b-41d4-a716-446655440002', false, 65, 11),
('850e8400-e29b-41d4-a716-446655440012', 'Unsplash', '免费高质量图片素材库，摄影师和设计师的灵感来源', 'https://unsplash.com', '📸', '550e8400-e29b-41d4-a716-446655440006', true, 92, 12)
ON CONFLICT (id) DO NOTHING;

-- 插入工具标签关联数据
INSERT INTO tool_tags (tool_id, tag_id) VALUES
-- GitHub 标签
('850e8400-e29b-41d4-a716-446655440001', '750e8400-e29b-41d4-a716-446655440001'), -- 代码托管
('850e8400-e29b-41d4-a716-446655440001', '750e8400-e29b-41d4-a716-446655440002'), -- 版本控制
('850e8400-e29b-41d4-a716-446655440001', '750e8400-e29b-41d4-a716-446655440003'), -- 开源
('850e8400-e29b-41d4-a716-446655440001', '750e8400-e29b-41d4-a716-446655440004'), -- 协作

-- VS Code 标签
('850e8400-e29b-41d4-a716-446655440002', '750e8400-e29b-41d4-a716-446655440005'), -- 代码编辑器
('850e8400-e29b-41d4-a716-446655440002', '750e8400-e29b-41d4-a716-446655440006'), -- IDE
('850e8400-e29b-41d4-a716-446655440002', '750e8400-e29b-41d4-a716-446655440013'), -- 编程

-- Figma 标签
('850e8400-e29b-41d4-a716-446655440003', '750e8400-e29b-41d4-a716-446655440007'), -- UI设计
('850e8400-e29b-41d4-a716-446655440003', '750e8400-e29b-41d4-a716-446655440008'), -- 原型设计
('850e8400-e29b-41d4-a716-446655440003', '750e8400-e29b-41d4-a716-446655440004'), -- 协作

-- Photoshop 标签
('850e8400-e29b-41d4-a716-446655440004', '750e8400-e29b-41d4-a716-446655440009'), -- 图像编辑

-- ChatGPT 标签
('850e8400-e29b-41d4-a716-446655440005', '750e8400-e29b-41d4-a716-446655440010'), -- AI助手
('850e8400-e29b-41d4-a716-446655440005', '750e8400-e29b-41d4-a716-446655440011'), -- 对话
('850e8400-e29b-41d4-a716-446655440005', '750e8400-e29b-41d4-a716-446655440012'), -- 写作
('850e8400-e29b-41d4-a716-446655440005', '750e8400-e29b-41d4-a716-446655440013'), -- 编程

-- Midjourney 标签
('850e8400-e29b-41d4-a716-446655440006', '750e8400-e29b-41d4-a716-446655440014'), -- AI绘画
('850e8400-e29b-41d4-a716-446655440006', '750e8400-e29b-41d4-a716-446655440015'), -- 图像生成

-- Notion 标签
('850e8400-e29b-41d4-a716-446655440007', '750e8400-e29b-41d4-a716-446655440016'), -- 笔记工具
('850e8400-e29b-41d4-a716-446655440007', '750e8400-e29b-41d4-a716-446655440017'), -- 数据库
('850e8400-e29b-41d4-a716-446655440007', '750e8400-e29b-41d4-a716-446655440004'), -- 协作

-- Trello 标签
('850e8400-e29b-41d4-a716-446655440008', '750e8400-e29b-41d4-a716-446655440018'), -- 项目管理
('850e8400-e29b-41d4-a716-446655440008', '750e8400-e29b-41d4-a716-446655440019'), -- 看板

-- Ping.pe 标签
('850e8400-e29b-41d4-a716-446655440009', '750e8400-e29b-41d4-a716-446655440020'), -- 网络测试

-- Speedtest 标签
('850e8400-e29b-41d4-a716-446655440010', '750e8400-e29b-41d4-a716-446655440021'), -- 网速测试

-- Canva 标签
('850e8400-e29b-41d4-a716-446655440011', '750e8400-e29b-41d4-a716-446655440022'), -- 在线设计
('850e8400-e29b-41d4-a716-446655440011', '750e8400-e29b-41d4-a716-446655440023'), -- 模板

-- Unsplash 标签
('850e8400-e29b-41d4-a716-446655440012', '750e8400-e29b-41d4-a716-446655440024'), -- 免费图片
('850e8400-e29b-41d4-a716-446655440012', '750e8400-e29b-41d4-a716-446655440025')  -- 高质量素材
ON CONFLICT (tool_id, tag_id) DO NOTHING;

-- 插入示例产品数据
INSERT INTO products (id, name, description, short_description, price, original_price, category_id, features, is_featured, is_digital, created_by) VALUES
('950e8400-e29b-41d4-a716-446655440001', 
 'Vue 3 管理后台模板', 
 '基于 Vue 3 + TypeScript + Element Plus 的现代化管理后台模板，包含完整的权限管理、数据可视化、表单组件等功能。适合快速搭建企业级后台管理系统。',
 '现代化 Vue 3 管理后台模板，开箱即用',
 299.00, 
 399.00,
 '650e8400-e29b-41d4-a716-446655440002',
 ARRAY['Vue 3 + TypeScript', 'Element Plus UI', '权限管理系统', '数据可视化', '响应式设计', '多主题支持'],
 true,
 true,
 '00000000-0000-0000-0000-000000000000'
),
('950e8400-e29b-41d4-a716-446655440002',
 'React Native 电商 App',
 '完整的 React Native 电商应用源码，包含用户注册登录、商品浏览、购物车、订单管理、支付集成等完整功能。支持 iOS 和 Android 双平台。',
 '完整的跨平台电商 App 解决方案',
 899.00,
 1299.00,
 '650e8400-e29b-41d4-a716-446655440001',
 ARRAY['React Native', '跨平台支持', '完整电商功能', '支付集成', '推送通知', '数据统计'],
 true,
 true,
 '00000000-0000-0000-0000-000000000000'
),
('950e8400-e29b-41d4-a716-446655440003',
 'Web 开发全栈课程',
 '从零开始学习现代 Web 开发的完整课程，涵盖前端、后端、数据库、部署等全栈技能。包含 50+ 小时视频教程和实战项目。',
 '零基础到全栈工程师的完整学习路径',
 599.00,
 799.00,
 '650e8400-e29b-41d4-a716-446655440003',
 ARRAY['50+ 小时视频', '实战项目', '前后端全栈', '终身更新', '社群答疑', '就业指导'],
 false,
 true,
 '00000000-0000-0000-0000-000000000000'
)
ON CONFLICT (id) DO NOTHING;
